old_prefix,new_prefix,update_page_xml,expected_number_of_files
KULeuven-raw/0001,Academie-de-lEspee-de-Girard-Thibault-KULeuven/illu-001,,
KULeuven-raw/0002,Academie-de-lEspee-de-Girard-Thibault-KULeuven/002,,
KULeuven-raw/0003,Academie-de-lEspee-de-Girard-Thibault-KULeuven/003,,
KULeuven-raw/0004,Academie-de-lEspee-de-Girard-Thibault-KULeuven/004,,
KULeuven-raw/0005,Academie-de-lEspee-de-Girard-Thibault-KULeuven/illu-005,,
KULeuven-raw/0006,Academie-de-lEspee-de-Girard-Thibault-KULeuven/006,,
KULeuven-raw/0007,Academie-de-lEspee-de-Girard-Thibault-KULeuven/illu-007,,
KULeuven-raw/0008,Academie-de-lEspee-de-Girard-Thibault-KULeuven/008,,
KULeuven-raw/0009,Academie-de-lEspee-de-Girard-Thibault-KULeuven/009,,
KULeuven-raw/0010,Academie-de-lEspee-de-Girard-Thibault-KULeuven/010,,
KULeuven-raw/0011,Academie-de-lEspee-de-Girard-Thibault-KULeuven/illu-011,,
KULeuven-raw/0012,Academie-de-lEspee-de-Girard-Thibault-KULeuven/012,,
KULeuven-raw/0013,Academie-de-lEspee-de-Girard-Thibault-KULeuven/illu-013,,
KULeuven-raw/0014,Academie-de-lEspee-de-Girard-Thibault-KULeuven/014,,
KULeuven-raw/0015,Academie-de-lEspee-de-Girard-Thibault-KULeuven/illu-015,,
KULeuven-raw/0016,Academie-de-lEspee-de-Girard-Thibault-KULeuven/016,,
KULeuven-raw/0017,Academie-de-lEspee-de-Girard-Thibault-KULeuven/illu-017,,
KULeuven-raw/0018,Academie-de-lEspee-de-Girard-Thibault-KULeuven/018,,
KULeuven-raw/0019,Academie-de-lEspee-de-Girard-Thibault-KULeuven/illu-019,,
KULeuven-raw/0020,Academie-de-lEspee-de-Girard-Thibault-KULeuven/020,,
KULeuven-raw/0021,Academie-de-lEspee-de-Girard-Thibault-KULeuven/illu-021,,
KULeuven-raw/0022,Academie-de-lEspee-de-Girard-Thibault-KULeuven/022,,
KULeuven-raw/0023,Academie-de-lEspee-de-Girard-Thibault-KULeuven/illu-023,,
KULeuven-raw/0024,Academie-de-lEspee-de-Girard-Thibault-KULeuven/024,,
KULeuven-raw/0025,Academie-de-lEspee-de-Girard-Thibault-KULeuven/illu-025,,
KULeuven-raw/0026,Academie-de-lEspee-de-Girard-Thibault-KULeuven/026,,
KULeuven-raw/0027,Academie-de-lEspee-de-Girard-Thibault-KULeuven/illu-027,,
KULeuven-raw/0028,Academie-de-lEspee-de-Girard-Thibault-KULeuven/028,,
KULeuven-raw/0029,Academie-de-lEspee-de-Girard-Thibault-KULeuven/029,,
KULeuven-raw/0030,Academie-de-lEspee-de-Girard-Thibault-KULeuven/030,,
KULeuven-raw/0031,Academie-de-lEspee-de-Girard-Thibault-KULeuven/031,,
KULeuven-raw/0032,Academie-de-lEspee-de-Girard-Thibault-KULeuven/illu-032,,
KULeuven-raw/0033,Academie-de-lEspee-de-Girard-Thibault-KULeuven/033,,
KULeuven-raw/0034,Academie-de-lEspee-de-Girard-Thibault-KULeuven/034,,
KULeuven-raw/0035,Academie-de-lEspee-de-Girard-Thibault-KULeuven/035,,
KULeuven-raw/0036,Academie-de-lEspee-de-Girard-Thibault-KULeuven/036,,
KULeuven-raw/0037,Academie-de-lEspee-de-Girard-Thibault-KULeuven/037,,
KULeuven-raw/0038,Academie-de-lEspee-de-Girard-Thibault-KULeuven/038,,
KULeuven-raw/0039,Academie-de-lEspee-de-Girard-Thibault-KULeuven/039,,
KULeuven-raw/0040,Academie-de-lEspee-de-Girard-Thibault-KULeuven/040,,
KULeuven-raw/0041,Academie-de-lEspee-de-Girard-Thibault-KULeuven/041,,
KULeuven-raw/0042,Academie-de-lEspee-de-Girard-Thibault-KULeuven/042,,
KULeuven-raw/0043,Academie-de-lEspee-de-Girard-Thibault-KULeuven/043,,
KULeuven-raw/0044,Academie-de-lEspee-de-Girard-Thibault-KULeuven/044,,
KULeuven-raw/0045,Academie-de-lEspee-de-Girard-Thibault-KULeuven/045,,
KULeuven-raw/0046,Academie-de-lEspee-de-Girard-Thibault-KULeuven/046,,
KULeuven-raw/0047,Academie-de-lEspee-de-Girard-Thibault-KULeuven/047,,
KULeuven-raw/0048,Academie-de-lEspee-de-Girard-Thibault-KULeuven/048,,
KULeuven-raw/0049,Academie-de-lEspee-de-Girard-Thibault-KULeuven/049,,
KULeuven-raw/0050,Academie-de-lEspee-de-Girard-Thibault-KULeuven/050,,
KULeuven-raw/0051,Academie-de-lEspee-de-Girard-Thibault-KULeuven/051,,
KULeuven-raw/0052,Academie-de-lEspee-de-Girard-Thibault-KULeuven/052,,
KULeuven-raw/0053,Academie-de-lEspee-de-Girard-Thibault-KULeuven/053,,
KULeuven-raw/0054,Academie-de-lEspee-de-Girard-Thibault-KULeuven/054,,
KULeuven-raw/0055,Academie-de-lEspee-de-Girard-Thibault-KULeuven/055,,
KULeuven-raw/0056,Academie-de-lEspee-de-Girard-Thibault-KULeuven/056,,
KULeuven-raw/0057,Academie-de-lEspee-de-Girard-Thibault-KULeuven/illu-057,,
KULeuven-raw/0058,Academie-de-lEspee-de-Girard-Thibault-KULeuven/058,,
KULeuven-raw/0059,Academie-de-lEspee-de-Girard-Thibault-KULeuven/059,,
KULeuven-raw/0060,Academie-de-lEspee-de-Girard-Thibault-KULeuven/060,,
KULeuven-raw/0061,Academie-de-lEspee-de-Girard-Thibault-KULeuven/061,,
KULeuven-raw/0062,Academie-de-lEspee-de-Girard-Thibault-KULeuven/062,,
KULeuven-raw/0063,Academie-de-lEspee-de-Girard-Thibault-KULeuven/063,,
KULeuven-raw/0064,Academie-de-lEspee-de-Girard-Thibault-KULeuven/064,,
KULeuven-raw/0065,Academie-de-lEspee-de-Girard-Thibault-KULeuven/065,,
KULeuven-raw/0066,Academie-de-lEspee-de-Girard-Thibault-KULeuven/066,,
KULeuven-raw/0067,Academie-de-lEspee-de-Girard-Thibault-KULeuven/illu-067,,
KULeuven-raw/0068,Academie-de-lEspee-de-Girard-Thibault-KULeuven/068,,
KULeuven-raw/0069,Academie-de-lEspee-de-Girard-Thibault-KULeuven/069,,
KULeuven-raw/0070,Academie-de-lEspee-de-Girard-Thibault-KULeuven/070,,
KULeuven-raw/0071,Academie-de-lEspee-de-Girard-Thibault-KULeuven/071,,
KULeuven-raw/0072,Academie-de-lEspee-de-Girard-Thibault-KULeuven/072,,
KULeuven-raw/0073,Academie-de-lEspee-de-Girard-Thibault-KULeuven/073,,
KULeuven-raw/0074,Academie-de-lEspee-de-Girard-Thibault-KULeuven/074,,
KULeuven-raw/0075,Academie-de-lEspee-de-Girard-Thibault-KULeuven/075,,
KULeuven-raw/0076,Academie-de-lEspee-de-Girard-Thibault-KULeuven/illu-076,,
KULeuven-raw/0077,Academie-de-lEspee-de-Girard-Thibault-KULeuven/077,,
KULeuven-raw/0078,Academie-de-lEspee-de-Girard-Thibault-KULeuven/078,,
KULeuven-raw/0079,Academie-de-lEspee-de-Girard-Thibault-KULeuven/079,,
KULeuven-raw/0080,Academie-de-lEspee-de-Girard-Thibault-KULeuven/080,,
KULeuven-raw/0081,Academie-de-lEspee-de-Girard-Thibault-KULeuven/081,,
KULeuven-raw/0082,Academie-de-lEspee-de-Girard-Thibault-KULeuven/082,,
KULeuven-raw/0083,Academie-de-lEspee-de-Girard-Thibault-KULeuven/083,,
KULeuven-raw/0084,Academie-de-lEspee-de-Girard-Thibault-KULeuven/084,,
KULeuven-raw/0085,Academie-de-lEspee-de-Girard-Thibault-KULeuven/085,,
KULeuven-raw/0086,Academie-de-lEspee-de-Girard-Thibault-KULeuven/086,,
KULeuven-raw/0087,Academie-de-lEspee-de-Girard-Thibault-KULeuven/087,,
KULeuven-raw/0088,Academie-de-lEspee-de-Girard-Thibault-KULeuven/088,,
KULeuven-raw/0089,Academie-de-lEspee-de-Girard-Thibault-KULeuven/illu-089,,
KULeuven-raw/0090,Academie-de-lEspee-de-Girard-Thibault-KULeuven/090,,
KULeuven-raw/0091,Academie-de-lEspee-de-Girard-Thibault-KULeuven/091,,
KULeuven-raw/0092,Academie-de-lEspee-de-Girard-Thibault-KULeuven/092,,
KULeuven-raw/0093,Academie-de-lEspee-de-Girard-Thibault-KULeuven/093,,
KULeuven-raw/0094,Academie-de-lEspee-de-Girard-Thibault-KULeuven/094,,
KULeuven-raw/0095,Academie-de-lEspee-de-Girard-Thibault-KULeuven/095,,
KULeuven-raw/0096,Academie-de-lEspee-de-Girard-Thibault-KULeuven/096,,
KULeuven-raw/0097,Academie-de-lEspee-de-Girard-Thibault-KULeuven/097,,
KULeuven-raw/0098,Academie-de-lEspee-de-Girard-Thibault-KULeuven/098,,
KULeuven-raw/0099,Academie-de-lEspee-de-Girard-Thibault-KULeuven/099,,
KULeuven-raw/0100,Academie-de-lEspee-de-Girard-Thibault-KULeuven/100,,
KULeuven-raw/0101,Academie-de-lEspee-de-Girard-Thibault-KULeuven/101,,
KULeuven-raw/0102,Academie-de-lEspee-de-Girard-Thibault-KULeuven/102,,
KULeuven-raw/0103,Academie-de-lEspee-de-Girard-Thibault-KULeuven/103,,
KULeuven-raw/0104,Academie-de-lEspee-de-Girard-Thibault-KULeuven/illu-104,,
KULeuven-raw/0105,Academie-de-lEspee-de-Girard-Thibault-KULeuven/105,,
KULeuven-raw/0106,Academie-de-lEspee-de-Girard-Thibault-KULeuven/106,,
KULeuven-raw/0107,Academie-de-lEspee-de-Girard-Thibault-KULeuven/107,,
KULeuven-raw/0108,Academie-de-lEspee-de-Girard-Thibault-KULeuven/108,,
KULeuven-raw/0109,Academie-de-lEspee-de-Girard-Thibault-KULeuven/109,,
KULeuven-raw/0110,Academie-de-lEspee-de-Girard-Thibault-KULeuven/110,,
KULeuven-raw/0111,Academie-de-lEspee-de-Girard-Thibault-KULeuven/111,,
KULeuven-raw/0112,Academie-de-lEspee-de-Girard-Thibault-KULeuven/112,,
KULeuven-raw/0113,Academie-de-lEspee-de-Girard-Thibault-KULeuven/illu-113,,
KULeuven-raw/0114,Academie-de-lEspee-de-Girard-Thibault-KULeuven/114,,
KULeuven-raw/0115,Academie-de-lEspee-de-Girard-Thibault-KULeuven/115,,
KULeuven-raw/0116,Academie-de-lEspee-de-Girard-Thibault-KULeuven/116,,
KULeuven-raw/0117,Academie-de-lEspee-de-Girard-Thibault-KULeuven/117,,
KULeuven-raw/0118,Academie-de-lEspee-de-Girard-Thibault-KULeuven/118,,
KULeuven-raw/0119,Academie-de-lEspee-de-Girard-Thibault-KULeuven/119,,
KULeuven-raw/0120,Academie-de-lEspee-de-Girard-Thibault-KULeuven/120,,
KULeuven-raw/0121,Academie-de-lEspee-de-Girard-Thibault-KULeuven/121,,
KULeuven-raw/0122,Academie-de-lEspee-de-Girard-Thibault-KULeuven/122,,
KULeuven-raw/0123,Academie-de-lEspee-de-Girard-Thibault-KULeuven/123,,
KULeuven-raw/0124,Academie-de-lEspee-de-Girard-Thibault-KULeuven/124,,
KULeuven-raw/0125,Academie-de-lEspee-de-Girard-Thibault-KULeuven/125,,
KULeuven-raw/0126,Academie-de-lEspee-de-Girard-Thibault-KULeuven/126,,
KULeuven-raw/0127,Academie-de-lEspee-de-Girard-Thibault-KULeuven/127,,
KULeuven-raw/0128,Academie-de-lEspee-de-Girard-Thibault-KULeuven/illu-128,,
KULeuven-raw/0129,Academie-de-lEspee-de-Girard-Thibault-KULeuven/129,,
KULeuven-raw/0130,Academie-de-lEspee-de-Girard-Thibault-KULeuven/130,,
KULeuven-raw/0131,Academie-de-lEspee-de-Girard-Thibault-KULeuven/131,,
KULeuven-raw/0132,Academie-de-lEspee-de-Girard-Thibault-KULeuven/132,,
KULeuven-raw/0133,Academie-de-lEspee-de-Girard-Thibault-KULeuven/133,,
KULeuven-raw/0134,Academie-de-lEspee-de-Girard-Thibault-KULeuven/134,,
KULeuven-raw/0135,Academie-de-lEspee-de-Girard-Thibault-KULeuven/135,,
KULeuven-raw/0136,Academie-de-lEspee-de-Girard-Thibault-KULeuven/136,,
KULeuven-raw/0137,Academie-de-lEspee-de-Girard-Thibault-KULeuven/illu-137,,
KULeuven-raw/0138,Academie-de-lEspee-de-Girard-Thibault-KULeuven/138,,
KULeuven-raw/0139,Academie-de-lEspee-de-Girard-Thibault-KULeuven/139,,
KULeuven-raw/0140,Academie-de-lEspee-de-Girard-Thibault-KULeuven/140,,
KULeuven-raw/0141,Academie-de-lEspee-de-Girard-Thibault-KULeuven/141,,
KULeuven-raw/0142,Academie-de-lEspee-de-Girard-Thibault-KULeuven/142,,
KULeuven-raw/0143,Academie-de-lEspee-de-Girard-Thibault-KULeuven/143,,
KULeuven-raw/0144,Academie-de-lEspee-de-Girard-Thibault-KULeuven/144,,
KULeuven-raw/0145,Academie-de-lEspee-de-Girard-Thibault-KULeuven/145,,
KULeuven-raw/0146,Academie-de-lEspee-de-Girard-Thibault-KULeuven/146,,
KULeuven-raw/0147,Academie-de-lEspee-de-Girard-Thibault-KULeuven/147,,
KULeuven-raw/0148,Academie-de-lEspee-de-Girard-Thibault-KULeuven/148,,
KULeuven-raw/0149,Academie-de-lEspee-de-Girard-Thibault-KULeuven/149,,
KULeuven-raw/0150,Academie-de-lEspee-de-Girard-Thibault-KULeuven/150,,
KULeuven-raw/0151,Academie-de-lEspee-de-Girard-Thibault-KULeuven/151,,
KULeuven-raw/0152,Academie-de-lEspee-de-Girard-Thibault-KULeuven/illu-152,,
KULeuven-raw/0153,Academie-de-lEspee-de-Girard-Thibault-KULeuven/153,,
KULeuven-raw/0154,Academie-de-lEspee-de-Girard-Thibault-KULeuven/154,,
KULeuven-raw/0155,Academie-de-lEspee-de-Girard-Thibault-KULeuven/155,,
KULeuven-raw/0156,Academie-de-lEspee-de-Girard-Thibault-KULeuven/156,,
KULeuven-raw/0157,Academie-de-lEspee-de-Girard-Thibault-KULeuven/157,,
KULeuven-raw/0158,Academie-de-lEspee-de-Girard-Thibault-KULeuven/158,,
KULeuven-raw/0159,Academie-de-lEspee-de-Girard-Thibault-KULeuven/illu-159,,
KULeuven-raw/0160,Academie-de-lEspee-de-Girard-Thibault-KULeuven/160,,
KULeuven-raw/0161,Academie-de-lEspee-de-Girard-Thibault-KULeuven/161,,
KULeuven-raw/0162,Academie-de-lEspee-de-Girard-Thibault-KULeuven/162,,
KULeuven-raw/0163,Academie-de-lEspee-de-Girard-Thibault-KULeuven/163,,
KULeuven-raw/0164,Academie-de-lEspee-de-Girard-Thibault-KULeuven/164,,
KULeuven-raw/0165,Academie-de-lEspee-de-Girard-Thibault-KULeuven/165,,
KULeuven-raw/0166,Academie-de-lEspee-de-Girard-Thibault-KULeuven/166,,
KULeuven-raw/0167,Academie-de-lEspee-de-Girard-Thibault-KULeuven/167,,
KULeuven-raw/0168,Academie-de-lEspee-de-Girard-Thibault-KULeuven/illu-168,,
KULeuven-raw/0169,Academie-de-lEspee-de-Girard-Thibault-KULeuven/169,,
KULeuven-raw/0170,Academie-de-lEspee-de-Girard-Thibault-KULeuven/170,,
KULeuven-raw/0171,Academie-de-lEspee-de-Girard-Thibault-KULeuven/171,,
KULeuven-raw/0172,Academie-de-lEspee-de-Girard-Thibault-KULeuven/172,,
KULeuven-raw/0173,Academie-de-lEspee-de-Girard-Thibault-KULeuven/173,,
KULeuven-raw/0174,Academie-de-lEspee-de-Girard-Thibault-KULeuven/174,,
KULeuven-raw/0175,Academie-de-lEspee-de-Girard-Thibault-KULeuven/illu-175,,
KULeuven-raw/0176,Academie-de-lEspee-de-Girard-Thibault-KULeuven/176,,
KULeuven-raw/0177,Academie-de-lEspee-de-Girard-Thibault-KULeuven/177,,
KULeuven-raw/0178,Academie-de-lEspee-de-Girard-Thibault-KULeuven/178,,
KULeuven-raw/0179,Academie-de-lEspee-de-Girard-Thibault-KULeuven/179,,
KULeuven-raw/0180,Academie-de-lEspee-de-Girard-Thibault-KULeuven/180,,
KULeuven-raw/0181,Academie-de-lEspee-de-Girard-Thibault-KULeuven/181,,
KULeuven-raw/0182,Academie-de-lEspee-de-Girard-Thibault-KULeuven/182,,
KULeuven-raw/0183,Academie-de-lEspee-de-Girard-Thibault-KULeuven/183,,
KULeuven-raw/0184,Academie-de-lEspee-de-Girard-Thibault-KULeuven/illu-184,,
KULeuven-raw/0185,Academie-de-lEspee-de-Girard-Thibault-KULeuven/185,,
KULeuven-raw/0186,Academie-de-lEspee-de-Girard-Thibault-KULeuven/186,,
KULeuven-raw/0187,Academie-de-lEspee-de-Girard-Thibault-KULeuven/187,,
KULeuven-raw/0188,Academie-de-lEspee-de-Girard-Thibault-KULeuven/188,,
KULeuven-raw/0189,Academie-de-lEspee-de-Girard-Thibault-KULeuven/189,,
KULeuven-raw/0190,Academie-de-lEspee-de-Girard-Thibault-KULeuven/190,,
KULeuven-raw/0191,Academie-de-lEspee-de-Girard-Thibault-KULeuven/191,,
KULeuven-raw/0192,Academie-de-lEspee-de-Girard-Thibault-KULeuven/192,,
KULeuven-raw/0193,Academie-de-lEspee-de-Girard-Thibault-KULeuven/illu-193,,
KULeuven-raw/0194,Academie-de-lEspee-de-Girard-Thibault-KULeuven/194,,
KULeuven-raw/0195,Academie-de-lEspee-de-Girard-Thibault-KULeuven/195,,
KULeuven-raw/0196,Academie-de-lEspee-de-Girard-Thibault-KULeuven/196,,
KULeuven-raw/0197,Academie-de-lEspee-de-Girard-Thibault-KULeuven/197,,
KULeuven-raw/0198,Academie-de-lEspee-de-Girard-Thibault-KULeuven/198,,
KULeuven-raw/0199,Academie-de-lEspee-de-Girard-Thibault-KULeuven/199,,
KULeuven-raw/0200,Academie-de-lEspee-de-Girard-Thibault-KULeuven/200,,
KULeuven-raw/0201,Academie-de-lEspee-de-Girard-Thibault-KULeuven/201,,
KULeuven-raw/0202,Academie-de-lEspee-de-Girard-Thibault-KULeuven/illu-202,,
KULeuven-raw/0203,Academie-de-lEspee-de-Girard-Thibault-KULeuven/203,,
KULeuven-raw/0204,Academie-de-lEspee-de-Girard-Thibault-KULeuven/204,,
KULeuven-raw/0205,Academie-de-lEspee-de-Girard-Thibault-KULeuven/205,,
KULeuven-raw/0206,Academie-de-lEspee-de-Girard-Thibault-KULeuven/206,,
KULeuven-raw/0207,Academie-de-lEspee-de-Girard-Thibault-KULeuven/207,,
KULeuven-raw/0208,Academie-de-lEspee-de-Girard-Thibault-KULeuven/208,,
KULeuven-raw/0209,Academie-de-lEspee-de-Girard-Thibault-KULeuven/209,,
KULeuven-raw/0210,Academie-de-lEspee-de-Girard-Thibault-KULeuven/210,,
KULeuven-raw/0211,Academie-de-lEspee-de-Girard-Thibault-KULeuven/illu-211,,
KULeuven-raw/0212,Academie-de-lEspee-de-Girard-Thibault-KULeuven/212,,
KULeuven-raw/0213,Academie-de-lEspee-de-Girard-Thibault-KULeuven/213,,
KULeuven-raw/0214,Academie-de-lEspee-de-Girard-Thibault-KULeuven/214,,
KULeuven-raw/0215,Academie-de-lEspee-de-Girard-Thibault-KULeuven/215,,
KULeuven-raw/0216,Academie-de-lEspee-de-Girard-Thibault-KULeuven/216,,
KULeuven-raw/0217,Academie-de-lEspee-de-Girard-Thibault-KULeuven/217,,
KULeuven-raw/0218,Academie-de-lEspee-de-Girard-Thibault-KULeuven/218,,
KULeuven-raw/0219,Academie-de-lEspee-de-Girard-Thibault-KULeuven/219,,
KULeuven-raw/0220,Academie-de-lEspee-de-Girard-Thibault-KULeuven/220,,
KULeuven-raw/0221,Academie-de-lEspee-de-Girard-Thibault-KULeuven/221,,
KULeuven-raw/0222,Academie-de-lEspee-de-Girard-Thibault-KULeuven/illu-222,,
KULeuven-raw/0223,Academie-de-lEspee-de-Girard-Thibault-KULeuven/223,,
KULeuven-raw/0224,Academie-de-lEspee-de-Girard-Thibault-KULeuven/224,,
KULeuven-raw/0225,Academie-de-lEspee-de-Girard-Thibault-KULeuven/225,,
KULeuven-raw/0226,Academie-de-lEspee-de-Girard-Thibault-KULeuven/226,,
KULeuven-raw/0227,Academie-de-lEspee-de-Girard-Thibault-KULeuven/227,,
KULeuven-raw/0228,Academie-de-lEspee-de-Girard-Thibault-KULeuven/228,,
KULeuven-raw/0229,Academie-de-lEspee-de-Girard-Thibault-KULeuven/229,,
KULeuven-raw/0230,Academie-de-lEspee-de-Girard-Thibault-KULeuven/230,,
KULeuven-raw/0231,Academie-de-lEspee-de-Girard-Thibault-KULeuven/illu-231,,
KULeuven-raw/0232,Academie-de-lEspee-de-Girard-Thibault-KULeuven/232,,
KULeuven-raw/0233,Academie-de-lEspee-de-Girard-Thibault-KULeuven/233,,
KULeuven-raw/0234,Academie-de-lEspee-de-Girard-Thibault-KULeuven/234,,
KULeuven-raw/0235,Academie-de-lEspee-de-Girard-Thibault-KULeuven/235,,
KULeuven-raw/0236,Academie-de-lEspee-de-Girard-Thibault-KULeuven/236,,
KULeuven-raw/0237,Academie-de-lEspee-de-Girard-Thibault-KULeuven/237,,
KULeuven-raw/0238,Academie-de-lEspee-de-Girard-Thibault-KULeuven/238,,
KULeuven-raw/0239,Academie-de-lEspee-de-Girard-Thibault-KULeuven/239,,
KULeuven-raw/0240,Academie-de-lEspee-de-Girard-Thibault-KULeuven/illu-240,,
KULeuven-raw/0241,Academie-de-lEspee-de-Girard-Thibault-KULeuven/241,,
KULeuven-raw/0242,Academie-de-lEspee-de-Girard-Thibault-KULeuven/242,,
KULeuven-raw/0243,Academie-de-lEspee-de-Girard-Thibault-KULeuven/243,,
KULeuven-raw/0244,Academie-de-lEspee-de-Girard-Thibault-KULeuven/244,,
KULeuven-raw/0245,Academie-de-lEspee-de-Girard-Thibault-KULeuven/245,,
KULeuven-raw/0246,Academie-de-lEspee-de-Girard-Thibault-KULeuven/246,,
KULeuven-raw/0247,Academie-de-lEspee-de-Girard-Thibault-KULeuven/247,,
KULeuven-raw/0248,Academie-de-lEspee-de-Girard-Thibault-KULeuven/248,,
KULeuven-raw/0249,Academie-de-lEspee-de-Girard-Thibault-KULeuven/illu-249,,
KULeuven-raw/0250,Academie-de-lEspee-de-Girard-Thibault-KULeuven/250,,
KULeuven-raw/0251,Academie-de-lEspee-de-Girard-Thibault-KULeuven/251,,
KULeuven-raw/0252,Academie-de-lEspee-de-Girard-Thibault-KULeuven/252,,
KULeuven-raw/0253,Academie-de-lEspee-de-Girard-Thibault-KULeuven/253,,
KULeuven-raw/0254,Academie-de-lEspee-de-Girard-Thibault-KULeuven/254,,
KULeuven-raw/0255,Academie-de-lEspee-de-Girard-Thibault-KULeuven/255,,
KULeuven-raw/0256,Academie-de-lEspee-de-Girard-Thibault-KULeuven/256,,
KULeuven-raw/0257,Academie-de-lEspee-de-Girard-Thibault-KULeuven/257,,
KULeuven-raw/0258,Academie-de-lEspee-de-Girard-Thibault-KULeuven/illu-258,,
KULeuven-raw/0259,Academie-de-lEspee-de-Girard-Thibault-KULeuven/259,,
KULeuven-raw/0260,Academie-de-lEspee-de-Girard-Thibault-KULeuven/260,,
KULeuven-raw/0261,Academie-de-lEspee-de-Girard-Thibault-KULeuven/261,,
KULeuven-raw/0262,Academie-de-lEspee-de-Girard-Thibault-KULeuven/262,,
KULeuven-raw/0263,Academie-de-lEspee-de-Girard-Thibault-KULeuven/263,,
KULeuven-raw/0264,Academie-de-lEspee-de-Girard-Thibault-KULeuven/264,,
KULeuven-raw/0265,Academie-de-lEspee-de-Girard-Thibault-KULeuven/265,,
KULeuven-raw/0266,Academie-de-lEspee-de-Girard-Thibault-KULeuven/266,,
KULeuven-raw/0267,Academie-de-lEspee-de-Girard-Thibault-KULeuven/illu-267,,
KULeuven-raw/0268,Academie-de-lEspee-de-Girard-Thibault-KULeuven/268,,
KULeuven-raw/0269,Academie-de-lEspee-de-Girard-Thibault-KULeuven/269,,
KULeuven-raw/0270,Academie-de-lEspee-de-Girard-Thibault-KULeuven/270,,
KULeuven-raw/0271,Academie-de-lEspee-de-Girard-Thibault-KULeuven/271,,
KULeuven-raw/0272,Academie-de-lEspee-de-Girard-Thibault-KULeuven/272,,
KULeuven-raw/0273,Academie-de-lEspee-de-Girard-Thibault-KULeuven/273,,
KULeuven-raw/0274,Academie-de-lEspee-de-Girard-Thibault-KULeuven/illu-274,,
KULeuven-raw/0275,Academie-de-lEspee-de-Girard-Thibault-KULeuven/275,,
KULeuven-raw/0276,Academie-de-lEspee-de-Girard-Thibault-KULeuven/276,,
KULeuven-raw/0277,Academie-de-lEspee-de-Girard-Thibault-KULeuven/277,,
KULeuven-raw/0278,Academie-de-lEspee-de-Girard-Thibault-KULeuven/278,,
KULeuven-raw/0279,Academie-de-lEspee-de-Girard-Thibault-KULeuven/279,,
KULeuven-raw/0280,Academie-de-lEspee-de-Girard-Thibault-KULeuven/280,,
KULeuven-raw/0281,Academie-de-lEspee-de-Girard-Thibault-KULeuven/illu-281,,
KULeuven-raw/0282,Academie-de-lEspee-de-Girard-Thibault-KULeuven/282,,
KULeuven-raw/0283,Academie-de-lEspee-de-Girard-Thibault-KULeuven/283,,
KULeuven-raw/0284,Academie-de-lEspee-de-Girard-Thibault-KULeuven/284,,
KULeuven-raw/0285,Academie-de-lEspee-de-Girard-Thibault-KULeuven/285,,
KULeuven-raw/0286,Academie-de-lEspee-de-Girard-Thibault-KULeuven/286,,
KULeuven-raw/0287,Academie-de-lEspee-de-Girard-Thibault-KULeuven/287,,
KULeuven-raw/0288,Academie-de-lEspee-de-Girard-Thibault-KULeuven/illu-288,,
KULeuven-raw/0289,Academie-de-lEspee-de-Girard-Thibault-KULeuven/289,,
KULeuven-raw/0290,Academie-de-lEspee-de-Girard-Thibault-KULeuven/290,,
KULeuven-raw/0291,Academie-de-lEspee-de-Girard-Thibault-KULeuven/291,,
KULeuven-raw/0292,Academie-de-lEspee-de-Girard-Thibault-KULeuven/292,,
KULeuven-raw/0293,Academie-de-lEspee-de-Girard-Thibault-KULeuven/293,,
KULeuven-raw/0294,Academie-de-lEspee-de-Girard-Thibault-KULeuven/294,,
KULeuven-raw/0295,Academie-de-lEspee-de-Girard-Thibault-KULeuven/illu-295,,
KULeuven-raw/0296,Academie-de-lEspee-de-Girard-Thibault-KULeuven/296,,
KULeuven-raw/0297,Academie-de-lEspee-de-Girard-Thibault-KULeuven/297,,
KULeuven-raw/0298,Academie-de-lEspee-de-Girard-Thibault-KULeuven/298,,
KULeuven-raw/0299,Academie-de-lEspee-de-Girard-Thibault-KULeuven/299,,
KULeuven-raw/0300,Academie-de-lEspee-de-Girard-Thibault-KULeuven/300,,
KULeuven-raw/0301,Academie-de-lEspee-de-Girard-Thibault-KULeuven/301,,
KULeuven-raw/0302,Academie-de-lEspee-de-Girard-Thibault-KULeuven/illu-302,,
KULeuven-raw/0303,Academie-de-lEspee-de-Girard-Thibault-KULeuven/303,,
KULeuven-raw/0304,Academie-de-lEspee-de-Girard-Thibault-KULeuven/304,,
KULeuven-raw/0305,Academie-de-lEspee-de-Girard-Thibault-KULeuven/305,,
KULeuven-raw/0306,Academie-de-lEspee-de-Girard-Thibault-KULeuven/306,,
KULeuven-raw/0307,Academie-de-lEspee-de-Girard-Thibault-KULeuven/307,,
KULeuven-raw/0308,Academie-de-lEspee-de-Girard-Thibault-KULeuven/308,,
KULeuven-raw/0309,Academie-de-lEspee-de-Girard-Thibault-KULeuven/309,,
KULeuven-raw/0310,Academie-de-lEspee-de-Girard-Thibault-KULeuven/310,,
KULeuven-raw/0311,Academie-de-lEspee-de-Girard-Thibault-KULeuven/illu-311,,
KULeuven-raw/0312,Academie-de-lEspee-de-Girard-Thibault-KULeuven/312,,
KULeuven-raw/0313,Academie-de-lEspee-de-Girard-Thibault-KULeuven/313,,
KULeuven-raw/0314,Academie-de-lEspee-de-Girard-Thibault-KULeuven/314,,
KULeuven-raw/0315,Academie-de-lEspee-de-Girard-Thibault-KULeuven/315,,
KULeuven-raw/0316,Academie-de-lEspee-de-Girard-Thibault-KULeuven/316,,
KULeuven-raw/0317,Academie-de-lEspee-de-Girard-Thibault-KULeuven/317,,
KULeuven-raw/0318,Academie-de-lEspee-de-Girard-Thibault-KULeuven/illu-318,,
KULeuven-raw/0319,Academie-de-lEspee-de-Girard-Thibault-KULeuven/319,,
KULeuven-raw/0320,Academie-de-lEspee-de-Girard-Thibault-KULeuven/320,,
KULeuven-raw/0321,Academie-de-lEspee-de-Girard-Thibault-KULeuven/321,,
KULeuven-raw/0322,Academie-de-lEspee-de-Girard-Thibault-KULeuven/322,,
KULeuven-raw/0323,Academie-de-lEspee-de-Girard-Thibault-KULeuven/323,,
KULeuven-raw/0324,Academie-de-lEspee-de-Girard-Thibault-KULeuven/324,,
KULeuven-raw/0325,Academie-de-lEspee-de-Girard-Thibault-KULeuven/illu-325,,
KULeuven-raw/0326,Academie-de-lEspee-de-Girard-Thibault-KULeuven/326,,
KULeuven-raw/0327,Academie-de-lEspee-de-Girard-Thibault-KULeuven/327,,
KULeuven-raw/0328,Academie-de-lEspee-de-Girard-Thibault-KULeuven/328,,
KULeuven-raw/0329,Academie-de-lEspee-de-Girard-Thibault-KULeuven/329,,
KULeuven-raw/0330,Academie-de-lEspee-de-Girard-Thibault-KULeuven/330,,
KULeuven-raw/0331,Academie-de-lEspee-de-Girard-Thibault-KULeuven/331,,
KULeuven-raw/0332,Academie-de-lEspee-de-Girard-Thibault-KULeuven/332,,
KULeuven-raw/0333,Academie-de-lEspee-de-Girard-Thibault-KULeuven/333,,
KULeuven-raw/0334,Academie-de-lEspee-de-Girard-Thibault-KULeuven/illu-334,,
KULeuven-raw/0335,Academie-de-lEspee-de-Girard-Thibault-KULeuven/335,,
KULeuven-raw/0336,Academie-de-lEspee-de-Girard-Thibault-KULeuven/336,,
KULeuven-raw/0337,Academie-de-lEspee-de-Girard-Thibault-KULeuven/337,,
KULeuven-raw/0338,Academie-de-lEspee-de-Girard-Thibault-KULeuven/338,,
KULeuven-raw/0339,Academie-de-lEspee-de-Girard-Thibault-KULeuven/339,,
KULeuven-raw/0340,Academie-de-lEspee-de-Girard-Thibault-KULeuven/340,,
KULeuven-raw/0341,Academie-de-lEspee-de-Girard-Thibault-KULeuven/341,,
KULeuven-raw/0342,Academie-de-lEspee-de-Girard-Thibault-KULeuven/342,,
KULeuven-raw/0343,Academie-de-lEspee-de-Girard-Thibault-KULeuven/illu-343,,
KULeuven-raw/0344,Academie-de-lEspee-de-Girard-Thibault-KULeuven/344,,
KULeuven-raw/0345,Academie-de-lEspee-de-Girard-Thibault-KULeuven/345,,
KULeuven-raw/0346,Academie-de-lEspee-de-Girard-Thibault-KULeuven/346,,
KULeuven-raw/0347,Academie-de-lEspee-de-Girard-Thibault-KULeuven/347,,
KULeuven-raw/0348,Academie-de-lEspee-de-Girard-Thibault-KULeuven/348,,
KULeuven-raw/0349,Academie-de-lEspee-de-Girard-Thibault-KULeuven/349,,
KULeuven-raw/0350,Academie-de-lEspee-de-Girard-Thibault-KULeuven/350,,
KULeuven-raw/0351,Academie-de-lEspee-de-Girard-Thibault-KULeuven/351,,
KULeuven-raw/0352,Academie-de-lEspee-de-Girard-Thibault-KULeuven/illu-352,,
KULeuven-raw/0353,Academie-de-lEspee-de-Girard-Thibault-KULeuven/353,,
KULeuven-raw/0354,Academie-de-lEspee-de-Girard-Thibault-KULeuven/354,,
KULeuven-raw/0355,Academie-de-lEspee-de-Girard-Thibault-KULeuven/illu-355,,
KULeuven-raw/0356,Academie-de-lEspee-de-Girard-Thibault-KULeuven/356,,
KULeuven-raw/0357,Academie-de-lEspee-de-Girard-Thibault-KULeuven/357,,
KULeuven-raw/0358,Academie-de-lEspee-de-Girard-Thibault-KULeuven/358,,
KULeuven-raw/0359,Academie-de-lEspee-de-Girard-Thibault-KULeuven/359,,
KULeuven-raw/0360,Academie-de-lEspee-de-Girard-Thibault-KULeuven/illu-360,,
KULeuven-raw/0361,Academie-de-lEspee-de-Girard-Thibault-KULeuven/361,,
KULeuven-raw/0362,Academie-de-lEspee-de-Girard-Thibault-KULeuven/362,,
KULeuven-raw/0363,Academie-de-lEspee-de-Girard-Thibault-KULeuven/363,,
KULeuven-raw/0364,Academie-de-lEspee-de-Girard-Thibault-KULeuven/364,,
KULeuven-raw/0365,Academie-de-lEspee-de-Girard-Thibault-KULeuven/365,,
KULeuven-raw/0366,Academie-de-lEspee-de-Girard-Thibault-KULeuven/366,,
KULeuven-raw/0367,Academie-de-lEspee-de-Girard-Thibault-KULeuven/illu-367,,
KULeuven-raw/0368,Academie-de-lEspee-de-Girard-Thibault-KULeuven/368,,
KULeuven-raw/0369,Academie-de-lEspee-de-Girard-Thibault-KULeuven/369,,
KULeuven-raw/0370,Academie-de-lEspee-de-Girard-Thibault-KULeuven/370,,
KULeuven-raw/0371,Academie-de-lEspee-de-Girard-Thibault-KULeuven/371,,
KULeuven-raw/0372,Academie-de-lEspee-de-Girard-Thibault-KULeuven/372,,
KULeuven-raw/0373,Academie-de-lEspee-de-Girard-Thibault-KULeuven/373,,
KULeuven-raw/0374,Academie-de-lEspee-de-Girard-Thibault-KULeuven/374,,
KULeuven-raw/0375,Academie-de-lEspee-de-Girard-Thibault-KULeuven/375,,
KULeuven-raw/0376,Academie-de-lEspee-de-Girard-Thibault-KULeuven/illu-376,,
KULeuven-raw/0377,Academie-de-lEspee-de-Girard-Thibault-KULeuven/377,,
KULeuven-raw/0378,Academie-de-lEspee-de-Girard-Thibault-KULeuven/378,,
KULeuven-raw/0379,Academie-de-lEspee-de-Girard-Thibault-KULeuven/379,,
KULeuven-raw/0380,Academie-de-lEspee-de-Girard-Thibault-KULeuven/380,,
KULeuven-raw/0381,Academie-de-lEspee-de-Girard-Thibault-KULeuven/381,,
KULeuven-raw/0382,Academie-de-lEspee-de-Girard-Thibault-KULeuven/382,,
KULeuven-raw/0383,Academie-de-lEspee-de-Girard-Thibault-KULeuven/383,,
KULeuven-raw/0384,Academie-de-lEspee-de-Girard-Thibault-KULeuven/384,,
KULeuven-raw/0385,Academie-de-lEspee-de-Girard-Thibault-KULeuven/illu-385,,
KULeuven-raw/0386,Academie-de-lEspee-de-Girard-Thibault-KULeuven/386,,
KULeuven-raw/0387,Academie-de-lEspee-de-Girard-Thibault-KULeuven/387,,
KULeuven-raw/0388,Academie-de-lEspee-de-Girard-Thibault-KULeuven/388,,
KULeuven-raw/0389,Academie-de-lEspee-de-Girard-Thibault-KULeuven/389,,
KULeuven-raw/0390,Academie-de-lEspee-de-Girard-Thibault-KULeuven/390,,
KULeuven-raw/0391,Academie-de-lEspee-de-Girard-Thibault-KULeuven/391,,
KULeuven-raw/0392,Academie-de-lEspee-de-Girard-Thibault-KULeuven/392,,
KULeuven-raw/0393,Academie-de-lEspee-de-Girard-Thibault-KULeuven/393,,
KULeuven-raw/0394,Academie-de-lEspee-de-Girard-Thibault-KULeuven/illu-394,,
KULeuven-raw/0395,Academie-de-lEspee-de-Girard-Thibault-KULeuven/395,,
KULeuven-raw/0396,Academie-de-lEspee-de-Girard-Thibault-KULeuven/396,,
KULeuven-raw/0397,Academie-de-lEspee-de-Girard-Thibault-KULeuven/397,,
KULeuven-raw/0398,Academie-de-lEspee-de-Girard-Thibault-KULeuven/398,,
KULeuven-raw/0399,Academie-de-lEspee-de-Girard-Thibault-KULeuven/399,,
KULeuven-raw/0400,Academie-de-lEspee-de-Girard-Thibault-KULeuven/400,,
KULeuven-raw/0401,Academie-de-lEspee-de-Girard-Thibault-KULeuven/illu-401,,
KULeuven-raw/0402,Academie-de-lEspee-de-Girard-Thibault-KULeuven/402,,
KULeuven-raw/0403,Academie-de-lEspee-de-Girard-Thibault-KULeuven/403,,
KULeuven-raw/0404,Academie-de-lEspee-de-Girard-Thibault-KULeuven/404,,
KULeuven-raw/0405,Academie-de-lEspee-de-Girard-Thibault-KULeuven/405,,
KULeuven-raw/0406,Academie-de-lEspee-de-Girard-Thibault-KULeuven/406,,
KULeuven-raw/0407,Academie-de-lEspee-de-Girard-Thibault-KULeuven/407,,
KULeuven-raw/0408,Academie-de-lEspee-de-Girard-Thibault-KULeuven/408,,
KULeuven-raw/0409,Academie-de-lEspee-de-Girard-Thibault-KULeuven/409,,
KULeuven-raw/0410,Academie-de-lEspee-de-Girard-Thibault-KULeuven/illu-410,,
KULeuven-raw/0411,Academie-de-lEspee-de-Girard-Thibault-KULeuven/411,,
KULeuven-raw/0412,Academie-de-lEspee-de-Girard-Thibault-KULeuven/412,,
KULeuven-raw/0413,Academie-de-lEspee-de-Girard-Thibault-KULeuven/413,,
KULeuven-raw/0414,Academie-de-lEspee-de-Girard-Thibault-KULeuven/414,,
KULeuven-raw/0415,Academie-de-lEspee-de-Girard-Thibault-KULeuven/415,,
KULeuven-raw/0416,Academie-de-lEspee-de-Girard-Thibault-KULeuven/416,,
KULeuven-raw/0417,Academie-de-lEspee-de-Girard-Thibault-KULeuven/illu-417,,
KULeuven-raw/0418,Academie-de-lEspee-de-Girard-Thibault-KULeuven/418,,
KULeuven-raw/0419,Academie-de-lEspee-de-Girard-Thibault-KULeuven/419,,
KULeuven-raw/0420,Academie-de-lEspee-de-Girard-Thibault-KULeuven/420,,
KULeuven-raw/0421,Academie-de-lEspee-de-Girard-Thibault-KULeuven/421,,
KULeuven-raw/0422,Academie-de-lEspee-de-Girard-Thibault-KULeuven/422,,
KULeuven-raw/0423,Academie-de-lEspee-de-Girard-Thibault-KULeuven/423,,
KULeuven-raw/0424,Academie-de-lEspee-de-Girard-Thibault-KULeuven/424,,
KULeuven-raw/0425,Academie-de-lEspee-de-Girard-Thibault-KULeuven/425,,
KULeuven-raw/0426,Academie-de-lEspee-de-Girard-Thibault-KULeuven/illu-426,,
KULeuven-raw/0427,Academie-de-lEspee-de-Girard-Thibault-KULeuven/427,,
KULeuven-raw/0428,Academie-de-lEspee-de-Girard-Thibault-KULeuven/428,,
KULeuven-raw/0429,Academie-de-lEspee-de-Girard-Thibault-KULeuven/429,,
KULeuven-raw/0430,Academie-de-lEspee-de-Girard-Thibault-KULeuven/430,,
KULeuven-raw/0431,Academie-de-lEspee-de-Girard-Thibault-KULeuven/431,,
KULeuven-raw/0432,Academie-de-lEspee-de-Girard-Thibault-KULeuven/432,,
KULeuven-raw/0433,Academie-de-lEspee-de-Girard-Thibault-KULeuven/illu-433,,
KULeuven-raw/0434,Academie-de-lEspee-de-Girard-Thibault-KULeuven/434,,
KULeuven-raw/0435,Academie-de-lEspee-de-Girard-Thibault-KULeuven/435,,
KULeuven-raw/0436,Academie-de-lEspee-de-Girard-Thibault-KULeuven/436,,
KULeuven-raw/0437,Academie-de-lEspee-de-Girard-Thibault-KULeuven/437,,
KULeuven-raw/0438,Academie-de-lEspee-de-Girard-Thibault-KULeuven/438,,
KULeuven-raw/0439,Academie-de-lEspee-de-Girard-Thibault-KULeuven/439,,
KULeuven-raw/0440,Academie-de-lEspee-de-Girard-Thibault-KULeuven/440,,
KULeuven-raw/0441,Academie-de-lEspee-de-Girard-Thibault-KULeuven/441,,
KULeuven-raw/0442,Academie-de-lEspee-de-Girard-Thibault-KULeuven/illu-442,,
KULeuven-raw/0443,Academie-de-lEspee-de-Girard-Thibault-KULeuven/443,,
KULeuven-raw/0444,Academie-de-lEspee-de-Girard-Thibault-KULeuven/444,,
KULeuven-raw/0445,Academie-de-lEspee-de-Girard-Thibault-KULeuven/445,,
KULeuven-raw/0446,Academie-de-lEspee-de-Girard-Thibault-KULeuven/446,,
KULeuven-raw/0447,Academie-de-lEspee-de-Girard-Thibault-KULeuven/illu-447,,